training_episode,phi
0,0.0036785312500000017
1,0.003351281250000001
2,0.0037330742187499997
3,0.003910740885416667
